Total Network Latency (s),Total Computing Latency (s),Throughput (kbps),Selected Bitrate (kbps)
1.4873001982557486,1.0317219316939759,13320.41969820634,8000
1.8729858054985487,2.637337855051146,7439.473200890103,4000
2.1115003317943466,1.500059600591885,9290.841804701799,8000
1.5967834602868325,1.5339965588339974,10717.594910875465,8000
0.825497418779864,0.8270688905636034,20304.43910800198,15000
1.109269116069235,1.0781078429925768,15340.031749439217,15000
1.3746371586972144,1.1880228900243646,13093.594687574392,8000
0.9979074970295609,1.435651943125314,13788.211393704256,8000
1.0205320079413458,0.9170323771586835,17317.841026618433,15000
1.1627779784348158,1.1057978536201125,14790.96776306817,8000
1.8816217453671917,1.270386906465825,10645.412404082957,8000
1.0315909085563295,0.7610604058956263,18717.76832978708,15000
1.5954108942762522,1.5590672094993814,10637.07874841112,8000
1.57410732566659,2.088609842431584,9161.076452272937,8000
1.3782832388606763,1.59329444434441,11291.790280174953,8000
1.3633711474667063,0.9437047576692459,14544.138719190816,8000
1.2600485716890035,1.4214454752047878,12513.334511732006,8000
1.1727146155174049,1.2238731871926876,14000.91912428838,8000
1.7635925571628408,1.5891574007217066,10008.032934603783,8000
0.6887730193810049,0.8725622368116654,21490.856538923468,15000
1.3302159441502142,1.4787283818550299,11945.566770175052,8000
2.51471994912471,1.8988665332678076,7602.531894154889,4000
1.1179932904435237,1.3245578311802966,13737.453313850334,8000
1.118425183089784,1.2573674146474523,14123.468535072494,8000
1.0835216025837862,0.7998884855968078,17815.78648780317,15000
1.208479354910874,1.1199677563292698,14410.648125964399,8000
1.174142617967303,1.3297173363791295,13401.081774463106,8000
2.8742687090528216,2.245764008686394,6553.558121561415,4000
1.727058638429199,1.2588229811642744,11237.696692264853,8000
1.7479961744788275,2.0913131893653603,8739.705196979212,8000
1.0815598356576162,0.9416159624989595,16585.030342184426,15000
1.5998374180058585,1.3881142823626218,11229.91111130143,8000
0.9520049101596842,1.1513099862799168,15953.118601879096,15000
0.9013477593649104,1.0326884400170764,17349.433278819797,15000
1.1183735670681216,0.9564875507421495,16171.89300622302,15000
1.1438275549167374,1.698336485898711,11805.944877964492,8000
1.5151762592872722,1.2574536847460498,12102.023233287542,8000
1.5183389900756048,2.0038799222829775,9526.50384173054,8000
1.224277609740325,1.3777335138114342,12895.575924440333,8000
1.3877938937404608,0.9473103224495982,14369.56507866154,8000
0.7214212064524828,0.5523676048052737,26342.225417153644,15000
1.292761235486861,0.9357167604127044,15057.107165401985,15000
1.413553669249327,0.9703985890559501,14075.127504379405,8000
2.2445581986077356,2.731482798962808,6743.198461665068,4000
1.1652673339609452,0.8113098789430349,16976.028955985963,15000
1.0911384622475593,0.7784114000292837,17947.8668512941,15000
0.6488017337460231,0.9113523508180813,21507.12697674016,15000
1.8726816214943058,1.7816036542896674,9182.214706212664,8000
1.3708039954940723,1.1365398131875442,13382.461505206667,8000
2.2470447868928973,1.8880867457567385,8114.477552906181,8000
0.8310046130053127,0.6593265201789106,22514.749408950483,15000
0.9179116002213765,0.8189098317790846,19319.448379533293,15000
1.013307791743308,1.0353825059110053,16378.479479508827,15000
1.2684816486178887,0.8951441767132113,15508.42646041404,15000
1.9228732918108398,1.9598204851888548,8642.049547860246,8000
1.1899209083407836,1.0683426596117556,14858.510085437998,8000
2.178703371792735,3.2549166138711394,6175.336532280579,4000
1.0608298044304483,1.1977974910396496,14856.117282960653,8000
1.7409575056028743,1.435480574612179,10563.5404036361,8000
0.9531015290183721,1.291723025371001,14947.463014154051,8000
1.3432091110987627,1.114663663991853,13651.818084344472,8000
1.741850033350164,1.2783482121361216,11110.009765136248,8000
1.0781209497171447,0.9775345327365312,16322.984219101096,15000
0.7294184611749196,0.875453169240734,20907.860394609612,15000
1.0608215987282044,0.9477844445161374,16705.33259264828,15000
1.5768200787032036,1.622368248820805,10488.42036316419,8000
1.6725787731062078,2.1464920691506313,8786.019790136013,8000
1.5365372481711697,1.568354767876374,10806.956192542251,8000
1.6252346512696474,1.569027055314979,10504.597018719898,8000
1.353857840075315,1.1683763641192326,13303.45609626498,8000
1.2233292584169908,1.2737118645988559,13437.676973246651,8000
1.8009257356111967,1.6336554642571564,9769.584717137022,8000
1.1417072655397253,0.8915864301095973,16502.501370951504,15000
2.0549801416222544,1.8503320687848301,8591.997308328475,8000
1.5224620222310115,1.1899809489349227,12370.55759575168,8000
1.0755761438797111,1.305520891864064,14092.005280044674,8000
0.9043102417589861,0.996856570308797,17649.388673845457,15000
1.1399744004385246,1.0808314511916386,15109.124453796652,15000
2.529791680810592,2.004672984740139,7399.866241084639,4000
1.2635153790308875,1.0296683417018206,14632.247602594542,8000
0.7589617528106596,0.688997063129108,23173.609380748992,15000
1.4960856952490413,1.232249903503023,12298.498768020963,8000
0.9246528444875812,0.8466373191878318,18943.498184608456,15000
1.1418545568110845,1.671497249852304,11926.852489804776,8000
1.51964489954113,2.1769159620170533,9077.202636900736,8000
1.722687441473627,1.7532128445347568,9653.450685874786,8000
0.8330708446986936,0.95696079291825,18745.161423331476,15000
1.3332785389992534,1.083286564074197,13885.17609450066,8000
0.6903556889729422,1.0203826606098985,19614.00585202417,15000
1.7224985864717959,1.2826623075418513,11165.602502961236,8000
1.0288830856063969,1.5425694723856884,13048.82405693727,8000
1.004979731828412,1.1419101709541841,15629.32125979535,15000
1.2861724847500036,1.2853617239450539,13048.409733980334,8000
1.1884403318211405,1.457878767109081,12679.662106344027,8000
1.229350143197964,1.0395364690041065,14788.941774147854,8000
1.19677273673158,0.9190786102132487,15858.596138358553,15000
1.2189672106257674,0.9170650331461447,15708.766615221086,15000
0.8836656020389899,1.0393155983948175,17449.173186108328,15000
0.7547140317016728,0.9329157489559198,19882.57874124819,15000
1.3790102008504268,1.0694917207305805,13704.0660267621,8000
1.982345121773455,1.8057636791153482,8857.832170007137,8000
1.502079224407164,1.0488392733448706,13153.862826103394,8000
1.075149652372611,1.0739791007950787,15613.039447051618,15000
1.4475382053028254,1.5003280847123113,11382.616678936176,8000
0.9788777542820226,0.677148739801851,20262.013995472073,15000
0.8813897933477157,1.30754714313224,15329.099454988916,15000
0.9036717170741904,0.6029643437257297,22271.093114673564,15000
0.8041864437374459,1.0924541848837563,17691.507549531412,15000
1.1193879488884888,0.9083463704334056,16547.7457674145,15000
1.1668472541074144,1.1528463198043983,14465.027785293003,8000
1.800312606067628,1.2035110271538425,11170.573274974313,8000
1.153155135495101,0.9746339457365363,15769.623171756075,15000
1.0722174725853306,1.0844153384874406,15558.713485078186,15000
0.9254358171634147,1.180502682503447,15933.244017006182,15000
1.0336319488964096,0.7220193382443707,19112.241847665602,15000
0.8344098953168086,1.0270341722608856,18026.022153684444,15000
2.1189601567615255,1.5411395517131434,9167.627844210743,8000
1.8801745160128018,1.6666610278102165,9460.385626967292,8000
1.6244916865072463,1.1701756826998493,12006.592401556569,8000
1.233697419705238,1.2971881608949234,13257.980628283905,8000
1.6088726747921962,1.1889252434939594,11993.157826264453,8000
1.2052840189527656,1.6794046756026215,11631.907478727682,8000
1.8698643418999155,1.4100773462699092,10230.191628413688,8000
2.1592382903768135,1.6292616958928825,8856.917545627075,8000
1.368618700876762,1.1916215037911022,13105.970267486273,8000
1.1235732645972212,0.975147084333275,15988.043388962838,15000
1.4315716345787322,1.0469506740083379,13538.07947733517,8000
0.9902457283014144,1.4469555801668346,13767.60790477687,8000
3.3552025170512247,2.2374011623402317,5999.787205313131,4000
1.2297414076311641,1.5128410279265072,12234.612008363245,8000
2.7051353557564624,1.9617816022066994,7189.849809250637,4000
1.1148861923045066,0.9679089676803836,16110.28902152981,15000
1.4135175717742627,0.9963423793437269,13923.809964323165,8000
0.8520869300614033,0.9691834183179155,18423.641514758558,15000
1.1121405636035284,1.6340815309476993,12218.3970723181,8000
0.8767896244171364,1.0288522131410818,17607.942551783373,15000
1.2104813275074624,1.3254887623143958,13231.398956427385,8000
0.9031462835399036,1.32022042057168,15091.721908918184,15000
0.9028971907582823,1.1952545863198933,15992.375940851578,15000
1.637593768039739,1.7656779774604712,9859.463042986654,8000
1.144167099307845,1.3322102484827836,13549.805739394504,8000
1.2620767665896022,1.1383012188673816,13978.81175518776,8000
0.9250183636521786,0.9405955714359352,17985.73186494515,15000
1.1022233414421954,1.062492959940121,15500.614089048642,15000
1.5237007232425537,1.2542308595966896,12078.926711976466,8000
0.8227661658194944,0.8824324242161127,19677.72680324544,15000
1.010017448251398,1.4295702610402994,13754.140452585776,8000
0.5815265092371081,0.634283936238332,27598.407403777986,15000
0.9923358232845573,1.387572010983272,14099.046827299895,8000
2.1024175969894525,1.8360208023253288,8519.730054896345,8000
1.077327532189646,1.2853767481216738,14201.706188799357,8000
0.9147281234584771,1.2725418723162374,15340.78191755896,15000
0.9611421499625044,1.186582250354161,15623.248492708217,15000
1.8753011201339198,1.9671511401373836,8732.556640178225,8000
2.4441231797091474,2.141409385903996,7317.4558287131795,4000
0.7901947375583662,0.80946222122864,20976.01727400591,15000
1.6177192545229453,1.200973752164084,11904.252048873686,8000
0.6289724923054714,0.7920676876736645,23612.58497313753,15000
2.2951286645057096,1.6340856812231372,8539.730604535356,8000
1.5477072227390902,1.587002204635879,10704.160234749015,8000
1.1473750796111482,1.6927333069652235,11814.489953479706,8000
1.4738289345552311,1.2282725745035403,12417.902098610679,8000
1.0096062534848311,1.3181590375800427,14414.869114510244,8000
0.8655754627584846,1.2596694482845532,15788.501280792148,15000
1.071147143104572,1.3032980450845475,14131.483079460102,8000
0.9535218586098511,1.002298121358098,17156.19655370832,15000
1.5276516064062078,1.308239555087609,11832.05916207485,8000
1.7465723138766343,1.6634818807975653,9839.853000695735,8000
1.4630052071081265,0.9835835490913358,13714.782230963714,8000
1.7636890753187,1.180085182756502,11398.439234243353,8000
1.31309458441664,1.3131784843408498,12776.444460086119,8000
1.5432614289646374,1.4095562252176173,11363.530000735002,8000
0.9704568588107853,1.31049199495319,14710.734063426791,8000
1.1236266846338578,0.8138186178920601,17318.90544535831,15000
1.0463906718962337,0.877907129335344,17437.234495889716,15000
1.0748583521464201,1.2445518132593512,14466.79526565315,8000
1.2431632708056601,1.6619209652755553,11550.244080103825,8000
1.0962144527072084,1.2179117642159412,14499.827950012943,8000
0.815952789071036,0.8042050035271829,20710.595074933623,15000
0.9832970833109138,1.3431947134598163,14422.759644618125,8000
1.0241869850990044,1.212654857216675,15000.806657507326,15000
1.5201715605813164,1.2111602052532962,12285.007782548444,8000
0.6262648527713457,0.5856111716846639,27688.00712520244,15000
1.536079967691074,1.3557873850849802,11603.032887310463,8000
1.3925326685693604,1.1216853702483136,13345.871949824674,8000
1.2632835288253412,1.516366245496707,12071.4603364677,8000
1.038571211552623,1.4633864129360155,13411.271106902943,8000
1.8718177216713672,1.3029594445198889,10569.066817453166,8000
1.1478592037644053,1.3172908446077618,13611.517084794605,8000
1.4381589642690011,1.2574590297826438,12447.769704032156,8000
1.1059639864347917,1.0724748095846404,15402.97210154014,15000
1.150802873331257,1.2528582586414891,13959.71817893524,8000
1.2276938585642887,1.037763110432797,14811.330543547909,8000
0.7738602305848273,0.8943186466672303,20114.408866795653,15000
1.4933366369944654,1.1451821760504837,12717.14714865987,8000
1.1049682498831361,0.943959347983,16376.58257663443,15000
1.7504602535283296,1.4005993769453446,10648.618539458113,8000
0.7722333431802415,0.9982675541163513,18951.94295085352,15000
0.6862133314757438,0.6115471152978958,25855.64391596278,15000
1.6888374561135442,1.6771864324029586,9968.566210856081,8000
0.8768933554349295,1.003891864689669,17840.65061813761,15000
0.953034218621574,1.278850812968865,15034.12206501029,15000
1.6795337822874863,1.9290258031460563,9298.566701086822,8000
1.4092314935525063,0.9733714210862574,14083.098695901379,8000
1.1627722404687617,1.1471255661952942,14526.370778480092,8000
1.3149442207236823,1.1096813631764706,13839.015897054802,8000
1.0134934125423742,1.5171142444976897,13259.436683775422,8000
1.6368096565911652,1.4952028593807063,10713.377366433664,8000
1.1500306975348311,1.3871750188734688,13224.955226531678,8000
2.1179011272602954,1.4487619816689428,9407.794057138608,8000
1.124535710201961,1.2079699325750948,14385.573772953647,8000
1.0708898807365599,1.0026974800385524,16181.827028236354,15000
0.8242635316377094,1.0281515113299113,18113.88442745793,15000
1.1857133726703237,1.0739447122839736,14849.34035968484,8000
0.6691764079373013,0.7327978943610216,23933.699743991474,15000
1.492048141565158,2.169679213097371,9163.552812656755,8000
1.2170573024195261,0.9974860815653133,15151.851276727893,15000
1.2982881921317404,1.1443248297938642,13737.10518154356,8000
1.2098635069785086,0.8846080874294919,16020.4760425429,15000
1.0886268505052417,1.378392139939422,13601.205394025785,8000
1.388185623218429,1.3670962598610525,12178.221112715113,8000
0.68503332815075,0.9276864510846506,20806.114262397365,15000
1.0313794611154943,0.7527813468204074,18806.84288700365,15000
1.4611700163806274,1.0089136257269173,13584.330274488364,8000
1.0212497673323033,1.4546099137207433,13552.638809372444,8000
1.1716563746996267,1.2572516217284206,13814.616300553645,8000
1.35147196109178,1.42483391725291,12085.999695395982,8000
0.8955985950238556,1.3315631946971176,15066.005601777058,15000
1.2758289810036876,1.222178777441773,13432.477095620117,8000
1.2002445005649638,1.32597536369008,13282.467007239236,8000
0.666618722123774,0.9411337263326767,20870.397076499237,15000
1.2208448263547,1.0289664178198301,14914.33207424978,8000
1.4704563527022236,1.5832238858552,10988.194368330887,8000
0.865175247628349,1.0839367539903004,17215.240567055436,15000
0.9547061248294754,0.9092368671719978,18001.855284195022,15000
0.8456702080162319,0.7459110395909221,21082.44995374698,15000
1.665175476986017,1.323941486777323,11225.5332952092,8000
0.9945282689953641,1.136520317952972,15745.503038037245,15000
1.1336404099213853,1.3865669084292345,13314.155448909698,8000
1.4390984374012052,1.502157075509435,11408.200291580528,8000
1.5905808794738978,1.8192090722734995,9840.615543724192,8000
1.2551853504000017,0.9399343562350204,15285.923541471364,15000
1.6253349214281154,1.2196605792680633,11794.195102167696,8000
0.8588913886819715,1.0180882537825364,17876.82255090547,15000
1.0512141880188601,0.8862119628580338,17319.076644450684,15000
0.842935350359401,1.11524815601027,17135.489034021874,15000
1.1343914237303871,1.6334052711045404,12123.156322361747,8000
1.1916174105369968,1.1043431221719433,14614.55086965718,8000
1.797902335494177,1.5830427838973256,9924.571625711298,8000
1.168012718010811,1.3213905370557917,13478.905810743092,8000
1.300840853711416,1.079692171449617,14095.344044945643,8000
1.3119919011643155,1.6304356801217148,11403.656019746306,8000
1.5595063245445306,1.4798151422203962,11040.106275995724,8000
1.0493176368812096,0.7167654994368216,18999.350206103554,15000
1.265196974404859,0.9717654291749316,14999.998187856509,8000
1.8802729648656489,2.261219995242239,8102.013530677568,8000
1.8384196091402851,2.0468302858326792,8636.36391662099,8000
1.0079654130536353,0.8352916609626324,18203.88076791065,15000
1.037631348145715,0.7104108516281533,19195.435902142806,15000
0.9479775277805415,1.1374695321704178,16089.802826636635,15000
0.9289171251503437,1.0573329136346126,16893.35750524449,15000
1.0122186597019351,0.8845789122511745,17690.04373273707,15000
1.4722714266326666,1.777544924630666,10325.024054653446,8000
1.437861878076475,1.0363184738472406,13561.837549114349,8000
1.455836721056324,1.607626267739137,10953.105071849894,8000
0.92496215631368,1.178971625342573,15948.425892750945,15000
1.2157302665844865,1.0225369520338428,14991.25382389015,8000
2.003128680622779,1.4405845347688802,9743.677798147835,8000
0.8347780665793489,0.7216204877410244,21559.02285237735,15000
1.0644523339025596,1.3371882176645458,13971.462956063615,8000
0.6641570249477221,0.6424658888653564,25680.272131520414,15000
0.6793096019444838,0.8557995444169864,21858.010604347597,15000
1.069344397112003,0.9094955812714149,16956.617193175854,15000
1.4737013550159128,1.6543446119860241,10726.962568315488,8000
2.5857818090945557,1.7320203431939962,7771.18330496344,4000
1.5367413001952381,1.0626930472157876,12908.359094900554,8000
1.7542544130424171,1.4647482356879542,10423.85970487922,8000
1.1395462852047196,1.467271765367534,12871.79670734368,8000
1.625945314270227,1.8831209969294953,9562.21086301672,8000
1.2898446338020608,1.5757793392530328,11709.293443768553,8000
1.1034562588170378,1.2895600031142525,14021.815285500737,8000
1.2255015779982772,1.1501337434641066,14124.403563483262,8000
1.4591973161066085,1.1227625815936508,12995.721595012683,8000
1.4744651311192194,2.20552507219233,9118.07644754191,8000
1.1252499747221711,1.6610096448860596,12042.823204220289,8000
1.8748554928099175,2.36421995494789,7915.507146198139,4000
1.6325043124403154,1.9813830671369472,9284.85823593237,8000
0.7245470924095346,0.9809436960281402,19674.355456787744,15000
1.3258161249328684,0.895137331394529,15108.120300497481,15000
1.8973681258738895,1.3892343383156722,10209.458663043428,8000
0.9165051785291584,1.2831638976526882,15254.309097368088,15000
1.450661389117818,1.9267261767012733,9935.025621456123,8000
2.204652844684381,1.5937220917892594,8833.891482853844,8000
0.8168455183552054,0.6021399602865686,23646.77616864527,15000
0.9649100616382796,0.887435401137003,18114.56484457654,15000
1.3641318093854715,1.511952285480192,11666.707541653877,8000
1.029679878815027,0.8974679210656009,17411.44711478717,15000
0.8654850341595023,0.7497554826615463,20773.644327619022,15000
0.8400742256941325,0.9679743929474447,18558.36820649774,15000
0.8924619760504249,0.789628833277821,19948.050256216655,15000
1.1574140263747805,1.1187097754940345,14741.918683179747,8000
1.4437548206020627,1.2914994328290075,12267.390484050877,8000
1.0991321401335197,1.3544356208643225,13675.771475882833,8000
1.0591666469702608,1.1646179821342368,15088.88565953985,15000
1.0815855523659148,1.1201913489311681,15239.705703258509,15000
1.1918122931042006,1.6109010069536676,11972.124298017638,8000
1.176638011087572,0.9991933319311637,15421.430575334382,15000
0.8831060218871332,0.8796143769669045,19035.595220781513,15000
1.9845762887223004,1.7745362748639897,8926.157818479427,8000
0.6916970827871103,0.8273092816279619,22089.724431747785,15000
1.2331746958345013,1.3047453868046481,13221.232705289596,8000
1.3424274824730125,1.327494925674416,12567.568217565664,8000
1.1812999016466184,1.2412829187094654,13850.685193527459,8000
1.0080391756441,1.0770032153917406,16092.925565571015,15000
1.2832883183626074,1.5606050513584078,11798.765859949128,8000
1.1155173969626446,1.2777741972661092,14020.202168809701,8000
0.7510938901379152,0.9034175050299653,20280.568691154458,15000
2.0603688057903455,1.9964183079842885,8271.18383561895,8000
1.6603166100102678,1.2694257405962406,11453.031695109175,8000
1.4090366139660868,1.4283949782323933,11825.63558263675,8000
1.4334198354342564,1.538789762429779,11289.389558567382,8000
0.8314293041115518,1.0688352140594803,17657.769052224103,15000
1.0179243034119576,0.9740242781483177,16845.02918931628,15000
1.6509015669581861,1.374837019452584,11089.666553052542,8000
1.7090569453928421,1.3583053789022612,10939.18111148183,8000
0.9116760753884777,1.2799832647441773,15310.058176271612,15000
1.9176935192466886,2.3473921262117776,7867.235218530562,4000
1.1259552909776047,1.2395538523229506,14184.866752694967,8000
0.9472159503826884,1.3090808269058178,14871.462095657414,8000
1.1327112914617898,0.9020298215871678,16490.76228165477,15000
0.8823607859774463,1.2611486907810752,15653.969512997912,15000
0.9416437348697415,0.6617059019868996,20927.70736255836,15000
1.2116793843411684,1.550183014606239,12149.204831054642,8000
1.2699801410711127,1.1426792139873603,13907.654194798992,8000
0.7582990143835454,0.842112790498534,20966.123779918216,15000
0.7217919754622943,0.7503518787726893,22792.902951347063,15000
0.7270592930517134,0.7529081134413144,22672.412819895486,15000
1.9496521887804805,1.5111619773137468,9695.531279527944,8000
0.8658523125411809,0.8841241926547264,19174.218568290795,15000
1.1694272891033881,0.8111095851855881,16942.089004046557,15000
2.5006442822355677,1.9094343557568187,7608.579064992611,4000
0.9562003327828292,1.1471984945376996,15952.482032494148,15000
1.0242032483489427,1.3102154371695662,14373.784877645916,8000
0.9145657162277299,1.2144479538655555,15760.552631176752,15000
1.1135919486386265,1.532544411976257,12680.53774530461,8000
1.5007633853370943,1.1200091861315342,12803.259758322627,8000
1.173536244352897,1.7221186708004033,11587.85593697845,8000
2.0556992206683775,1.7541301048888323,8807.332069945804,8000
1.2061543507237493,1.789820055104816,11199.839335983981,8000
0.9384336384768036,1.1764509429442107,15865.845490941358,15000
0.9138670509455648,1.180896758548882,16018.241220282525,15000
1.4006745361154407,1.0294917944198778,13807.463126447237,8000
1.164663610123257,0.9628079577660975,15771.976700628273,15000
1.2447387359272293,1.404821426284125,12664.15176321004,8000
1.8534329731845418,1.6173621149114303,9667.649961556064,8000
1.4076546743159515,1.5995589500974083,11157.980839005317,8000
1.4571714508301887,1.9958589493953445,9717.386790978848,8000
2.101500003074657,1.4289280302526097,9504.35235706433,8000
1.5194122967750974,1.2673986870078502,12040.440559212826,8000
1.0296059487996208,1.3257043469799998,14246.28935734062,8000
1.9795743939581412,1.789829165211359,8901.788167089473,8000
1.01859324088119,0.7703830914854615,18756.21906948907,15000
1.0790079311756506,1.5355926111297813,12833.483148601077,8000
1.1887287642592728,1.0970391087117342,14679.719842411841,8000
0.8488787038025415,0.9022766973693789,19161.310285508913,15000
1.1558803931431036,0.9940040419466225,15607.55148152863,15000
1.1922803954854622,1.3939888050623142,12974.067816642257,8000
1.0140390541976259,0.7038927540603801,19531.87654987564,15000
1.4092924345057016,1.0651907197741404,13560.17798786166,8000
1.7377262625758414,2.2613435768726693,8390.559141779655,8000
0.792651304347955,0.5374557110711009,25226.866418284797,15000
1.9420730550208427,1.8602314510696147,8824.761916425463,8000
1.2550539722933198,1.287168885287509,13198.855442567412,8000
1.3169591593690557,1.8776412411284331,10503.48331352323,8000
1.6977767832885167,1.713216601740209,9837.143674119854,8000
1.7478391531950725,1.7748444648452395,9525.247123574076,8000
1.6306291567705211,1.1901672562420897,11895.375307913082,8000
0.6824277185644783,0.9402753050986332,20678.110233783736,15000
1.1710827356346991,1.46557498024048,12726.123606401585,8000
0.9372416032697655,1.0779769462206308,16650.51763665294,15000
0.9630867295990511,0.7509370402255529,19576.409960425244,15000
1.378583043901407,1.0739708303724906,13681.425045121227,8000
1.22908774190978,1.3857954892564686,12832.095750996341,8000
1.333924778004517,1.3238804842347167,12624.86476218727,8000
2.0368210238618465,1.5611196689352047,9326.010311169044,8000
0.9970046006878208,1.482464490950075,13532.909973818025,8000
0.8984862454442301,1.1533584800399166,16353.299829782494,15000
0.6936625425775144,0.8671385888951896,21498.21096576186,15000
1.946463408512219,1.4683846960918283,9826.039393892937,8000
1.3459593209874359,1.8129595977640482,10622.125120343984,8000
1.2611823066291676,1.572767484727562,11840.164600776536,8000
1.831355560505831,1.622707339278946,9714.48203855546,8000
1.3157580277267982,1.5153257991421472,11852.1506433491,8000
1.4349606108577924,1.0640178935641467,13427.259154340654,8000
1.1258946604370654,1.6405601077324328,12129.036912539952,8000
0.8320478467645229,0.8382729816824541,20088.614970573097,15000
1.2074549023567756,1.1845855411448845,14027.535400229413,8000
1.1761138943944018,1.498139072191335,12547.216893560933,8000
0.5629238360939937,0.7122115266594329,26314.407850430256,15000
1.732965388331217,1.6784061786819175,9836.053136064264,8000
1.4803902476536752,1.3466298338425693,11869.18770744663,8000
1.0001839413851585,1.2088527187487759,15189.622067189048,15000
2.080878531659375,1.4182645800541533,9589.32828087972,8000
0.9444022733231505,0.992029454438897,17327.970575435247,15000
1.4532676998870504,1.0978358635379526,13152.908600445546,8000
0.9338033785083424,1.097292143902331,16520.361366448586,15000
1.7088025226140233,1.478073507266821,10528.94172392849,8000
0.9867911254795657,1.2971082083978747,14691.729842152761,8000
1.2536062546612448,1.8391208207049703,10849.464301995276,8000
1.147078135567632,0.8758527608836391,16587.03817261524,15000
1.4363501493522333,1.5437035193087465,11259.673727646968,8000
1.0638598920850628,1.073133249907517,15701.703173793576,15000
1.192958030467383,1.5605104881057479,12186.24138015864,8000
0.8555508865797746,0.7062438348571886,21484.534132070516,15000
1.0921067124597599,0.9767816698384921,16218.58012597355,15000
0.94382995230259,1.0332136246735035,16972.02448684607,15000
1.7953095029894632,1.4368592529608593,10381.398538745023,8000
1.4569013443897776,1.0374753820467857,13452.03057917216,8000
1.0556485711405246,1.5021655537354957,13118.401244901414,8000
0.7345278201229897,1.09973674689971,18293.125541024943,15000
1.390332689406625,1.454262971325143,11795.8529091506,8000
1.3427685869734662,1.944822390359989,10206.388882115682,8000
1.209055849117735,1.8002998809005133,11150.038416959278,8000
0.8143469341507653,0.9114020754034459,19443.40214841998,15000
1.1662176599868534,0.9368346706868318,15955.110346327558,15000
1.1819752570177209,1.3087108159818919,13471.963554037673,8000
0.8756355461074514,0.9303360662881153,18579.711757202575,15000
0.8742904416564348,0.8831501986534009,19092.78255570804,15000
1.331713523267434,1.2416903189603317,13038.929782179977,8000
1.6579983331297004,1.596345358745813,10310.660205856198,8000
1.3874991673220354,1.8942547367064702,10224.542418860347,8000
1.6297329892833272,1.5778490511461636,10460.973897804686,8000
0.9339681931237495,1.1184510462649615,16348.722208428426,15000
0.9982918155160522,1.3358281938590668,14375.624160380277,8000
1.7403828180963534,1.556086287929561,10178.900793780478,8000
1.2217112664748087,1.3824657413629609,12884.850722132753,8000
1.132907245321387,0.9881176978184603,15819.913909323426,15000
1.1071866136566808,1.5415954600976318,12667.871899495623,8000
1.092509875383536,0.9130217385827928,16730.94144531563,15000
1.3518560712761585,0.9164699208997926,14792.596882343192,8000
1.046775851284044,1.362089984816857,13929.556182469969,8000
1.035727821411908,1.3681369608385818,13958.535541498495,8000
1.2930285363528586,0.902318982214517,15284.337316169747,15000
0.9781499072740801,1.304166078330451,14701.922175387223,8000
1.110874861864578,1.4630084220803543,13036.500998045212,8000
0.926891552993872,1.3184165370452292,14944.244021058003,8000
1.6056805232295566,1.1252971187551748,12286.60077041656,8000
0.9877062237330855,0.9963028262711903,16912.43898304178,15000
0.8652150169060491,0.7470969498969087,20811.37688665479,15000
1.2874059069009318,1.3735430199704561,12609.949654107657,8000
1.9775240048223657,1.4862324985423279,9687.295272460757,8000
1.57780769437408,1.080906468611471,12620.54886047649,8000
1.4660887581285749,1.331067530256613,11995.908894805138,8000
0.9734008111403536,0.9823032916694647,17157.213073179806,15000
1.6456258943628668,1.8665515482351416,9553.740535153402,8000
1.1077110993100945,0.8864333396569535,16826.480241010497,15000
1.1363760022846106,1.0456595857054811,15377.582375229513,15000
2.1922205196455105,1.9366337266478455,8126.814365056167,8000
1.4511013247109372,1.0000429332132215,13689.293027745662,8000
1.3599905823604697,1.1615699453999435,13307.010333716718,8000
1.3286516548285596,1.2577342732754633,12973.482277100627,8000
1.6071222504677145,1.2350049250945494,11806.098012965185,8000
1.2094926653734173,1.499727055412444,12385.275266735061,8000
1.1994423662445368,1.1799021034297232,14102.38510130217,8000
1.3899552635983687,1.1043574309775044,13452.375908188013,8000
1.1235913552905095,0.8513760340530494,16989.866354782116,15000
0.8807514861531441,1.1576112041592883,16461.46299648808,15000
0.650189261983188,0.7327690178488072,24262.794105456505,15000
1.1952441745703164,1.4282336104862965,12790.057606405811,8000
1.0943868162113086,0.8880984378432679,16925.43837659045,15000
1.3181641611345527,1.08104564802002,13985.618044727744,8000
1.4225676267512237,1.0749817535228847,13434.942373919097,8000
1.224312145601335,1.4942892633621943,12342.534617015694,8000
1.599789610101306,1.2088649879194782,11946.799020301496,8000
0.8516208702158151,1.1952552069999691,16392.99631936763,15000
1.2121098867676674,0.8490374412525632,16279.492272990325,15000
1.249292128136212,1.2177601325614185,13601.021970451291,8000
0.9770120032575592,0.774988092733306,19152.072010031985,15000
1.1788435115513358,1.7021701186208869,11646.745315118196,8000
0.8685025498614002,0.7406405973959594,20852.359876863986,15000
1.0708333513207329,1.3030430120962384,14134.869244707234,8000
1.7619612746381317,1.7902431534847372,9446.086980340697,8000
0.7657948656319382,0.8450771924433178,20829.979533006725,15000
1.0774869687130437,1.1745327817673978,14899.705916363106,8000
1.004896973464564,1.1648525373867566,15464.657017866832,15000
1.0871739451480817,0.7766772139434157,18002.74224490948,15000
1.3002348826814816,1.232737569220302,13247.05761201902,8000
1.9068732722781985,1.5214556624994204,9787.401570373682,8000
1.3601822182287786,1.1224605351509749,13515.61031256735,8000
0.8817975604609504,1.1426728363803988,16574.42462599247,15000
0.8518465815921586,1.0213525946532123,17912.901321714387,15000
1.3705586072160691,1.5738734385173585,11395.892816959862,8000
1.502867760551821,1.37228744859157,11670.476742713669,8000
1.1538149964224578,1.0829236042101702,15001.49905335815,15000
0.8836886998830273,1.0742427280679545,17137.695182264604,15000
0.8904397420386251,1.1956595120516367,16084.772541004015,15000
1.2024090906046232,0.8194657832633685,16595.701560803296,15000
1.6996351874302476,1.3204706198719434,11110.349815847545,8000
1.4192425590347846,1.9702255052059765,9899.615917318335,8000
1.0584404298908066,1.5313338957789862,12956.508089299181,8000
1.431921477025909,1.8232528409258304,10308.029224411408,8000
1.3311826976536314,0.9920050836411551,14443.271555646288,8000
1.1848060932252975,1.1084793231917243,14631.598735941338,8000
1.0638563876241274,1.4658799862913532,13264.00345347648,8000
0.9975234189236649,1.134772342230474,15736.293534550821,15000
0.890994580345728,0.788255607237959,19981.794403299886,15000
1.1416779153286507,1.5074676846872421,12666.133563892712,8000
1.6631129670095144,1.2343735553306392,11580.53082949279,8000
0.7661271663181782,0.9908027356099193,19098.332815200283,15000
1.3417593828239975,1.7229032639331474,10948.817493992503,8000
0.8695610927170266,1.167762811556106,16469.856329483064,15000
1.154387443231674,1.3966379996536642,13153.311384479273,8000
1.692092434551618,1.2554387314362283,11383.910842806796,8000
1.38509646191933,1.0377978329016158,13848.904622758091,8000
1.2943149436551102,1.5714841527778234,11708.577911747294,8000
0.9110493525434116,1.1588492963171309,16210.664236372812,15000
0.8005560584780487,0.7975988591794001,20995.73178373945,15000
1.2831205216429227,1.1998354262856126,13513.90548349985,8000
1.1305214885139505,0.9329265359354566,16261.341018731684,15000
0.8746240208086159,1.2204043427834712,16016.218483299359,15000
1.581506306563713,1.0722563225858377,12644.096963093178,8000
0.9823090337804753,0.8508649071900635,18304.00882866317,15000
1.2832382987782371,1.8302041775664692,10777.27700284802,8000
1.186375914773798,1.5683899444091738,12180.502342203345,8000
1.4140465454075302,1.0019666927493982,13888.347741669339,8000
1.221453083490325,1.1707426012446798,14026.62508511171,8000
1.5633774964723406,1.18356178762135,12215.207010325588,8000
0.8391546094986387,0.9592300890820212,18658.094692688486,15000
1.094407065225967,1.336025134878786,13805.95270197366,8000
1.3319626272691278,1.6308688073831303,11325.123531348727,8000
1.3472610386214607,0.9183259238856194,14810.480707776027,8000
0.800175657134847,0.7742350803199735,21312.37497417213,15000
1.3606304970112084,1.2753436371718305,12729.423845579367,8000
1.382403616302547,1.276607523209983,12619.139311372517,8000
1.4520762224883041,0.9983322758063267,13693.403374723972,8000
0.6926115240383511,0.9209088853604869,20795.79025126905,15000
0.848520890189449,1.2326718912405523,16122.69286122765,15000
0.957517089828457,0.9688368365895691,17418.622580115927,15000
0.9688771737901556,1.0764577181344297,16405.34864607258,15000
1.5787636335349602,1.2240388161266085,11971.743496960198,8000
1.2986994959654412,1.518173028231732,11911.945504017165,8000
1.4717596124515222,1.1972247397197269,12571.985284478378,8000
1.8002725237397053,1.8684955482189418,9145.967077195555,8000
1.6280423897973537,1.6046119434941217,10379.839147798712,8000
1.2282846318352667,0.825884713116884,16334.793468929704,15000
1.2734020875588914,0.8783721522218146,15593.84408441456,15000
0.8518461673717119,1.1702957175018087,16593.51020371092,15000
1.8184603702419793,1.3908264471837075,10455.41701595731,8000
1.0760307268538252,1.1448617877093505,15108.534870540447,15000
1.5385121522010377,1.1288503652186106,12579.629420773248,8000
2.0181679750243333,2.144892138416475,8060.04023138329,8000
0.9159471974795376,1.1174193401126011,16501.91019654248,15000
1.0757482102455331,0.888723851338878,17080.635889999503,15000
1.1687819607412664,1.0053073831392554,15433.7870678805,15000
1.2935488850271348,1.6358547292232781,11454.356045978333,8000
1.0332320681041935,0.7411836979874782,18910.129543036575,15000
0.9778448894749459,0.8318498099551901,18541.487694342108,15000
1.5345805219236064,1.510354604202073,11019.752674564877,8000
2.519631968198118,1.8546142014083542,7670.906185652261,4000
1.2702116187186534,1.4823699513908788,12190.16808234489,8000
1.228581685681457,1.125229967651133,14255.359791635296,8000
1.620747341543763,1.337842414096137,11341.36016527329,8000
0.8113515261572828,0.9998565609440118,18525.995018993868,15000
1.069911481579757,0.8252265038128737,17705.53503683177,15000
0.9958597867279773,0.8377619882783685,18299.53835484086,15000
1.2246425959492013,0.8733199599576298,15993.818338428977,15000
1.33318278858635,1.2891398443302735,12795.69171955008,8000
1.1280986769179298,0.8419247536716785,17032.504019486456,15000
1.0007119329711023,0.7363289114063003,19317.00806495815,15000
1.6639204969179635,1.1370592266001542,11979.534060266094,8000
0.7254853171967276,1.0017283462827353,19426.91440525359,15000
0.8920123312770517,0.6880164128500948,21236.595932016688,15000
0.7962806978680761,1.1213626656039104,17497.743657218965,15000
1.220801236374655,1.263957395028087,13504.101193546205,8000
0.9482313117155122,1.1623504779085772,15898.190804525182,15000
1.3043375498918517,1.272889081292037,13019.589194833927,8000
1.583657465905132,1.1592256087948094,12233.271009436194,8000
1.1068121621732372,1.1613902387626416,14793.40291067286,8000
0.9531069184517947,1.348821449930702,14576.66209812506,8000
1.2697974087637172,1.1758575849096276,13720.018599026367,8000
1.0983769514984056,1.0802615364176613,15401.560280014983,15000
0.9323706349223918,0.967562652979327,17660.8474695748,15000
0.552422484458381,0.6523019787524117,27852.370417192167,15000
1.4014116780159698,1.7242777735409438,10735.04982501907,8000
0.8823010974979707,0.677604297779887,21510.555769328002,15000
1.1780248171134031,1.1673455045822945,14306.66692146945,8000
1.5164971522117368,1.2989726630688097,11917.880212349739,8000
0.8209251958136051,0.8431844731018826,20163.594158952077,15000
0.8921859347778319,1.305615714622388,15267.270369533577,15000
1.3219092488105149,1.006106183176606,14413.32026367153,8000
1.1644344242763114,1.1343406010044075,14596.657624598318,8000
1.2024460997385804,1.0808438709480874,14695.650763056157,8000
1.184431514630436,0.874535530861932,16296.73096199362,15000
1.0301293345373783,1.2163710368162195,14936.312687890739,8000
1.029675730243256,1.0460158522798697,16165.422783674156,15000
0.8469688698734067,0.6263229649425747,22775.14285157974,15000
1.0136667437471507,1.4312987846550191,13723.887560054249,8000
0.722757197101421,0.9113958616755345,20533.224730560458,15000
1.8222205224244694,1.3404676479045678,10609.465806586013,8000
1.4233714481040065,1.3899188393084343,11927.113298664288,8000
1.1065644917428619,1.2181455113929947,14433.814090676959,8000
1.5367198816226888,1.4676970598519414,11168.36732505269,8000
1.2121754971720413,1.4053528870605219,12819.128228799655,8000
1.290499597067312,1.6768399086144767,11307.918064566187,8000
1.487026156826626,1.8260656961460997,10127.830283332694,8000
1.9209825174594968,1.936212822515868,8699.17881841429,8000
1.9200814575687288,1.7768390686062743,9076.319537416968,8000
1.0453611813452484,0.8155527454465803,18031.157442003267,15000
0.891257958095013,0.8283325173196491,19513.0366675872,15000
0.6136870141240068,0.8163384164043775,23464.22048424822,15000
1.0615342766579252,1.1582944456547446,15115.77522298306,15000
1.5161997097503488,1.2410488408420404,12169.534731568143,8000
2.3928893512255223,1.6441801463589338,8311.581462760794,8000
1.0496295269867661,1.4565178559893401,13388.850243976216,8000
1.4226227444768123,1.2963392531805442,12340.89775028497,8000
1.1704310933327664,1.2001528709880394,14154.500538694758,8000
1.0930772165197014,1.5515269526148407,12687.884406905714,8000
2.0136137890269556,2.0840130637177023,8188.747586307106,8000
1.0704684254365375,0.9975763720876123,16225.195914600667,15000
0.8775513039643089,1.2290872145473437,15927.949529616653,15000
1.0746629952930502,1.0071738508552301,16117.704930662976,15000
0.5829927445977947,0.5282479976746075,30195.46595401439,30000
1.1810909893914194,1.4228552561037284,12885.992580703036,8000
1.133263882852168,1.0964346736192951,15048.864745690322,15000
1.1048111145317328,0.8031783203091445,17586.2776739109,15000
1.0676894258708258,1.042134543089242,15903.901222877366,15000
1.5128209045689045,1.1823126232262682,12450.007264556616,8000
0.7197940848694033,0.7220961675855928,23271.14143595148,15000
1.1527528602816939,0.8950408528947116,16385.650460833054,15000
0.6969682327533968,0.5871964728133514,26129.383446332315,15000
1.324671588406473,1.832856168232216,10626.80507857831,8000
1.24576495915995,1.5782026860501754,11882.01715303409,8000
0.9288416825362021,1.14435299339881,16184.892036184172,15000
0.880023494875586,0.9907041253676002,17936.567374590897,15000
2.341947830161137,2.181098808491497,7418.546541893607,4000
1.7463434928901491,1.2977779449291909,11022.698235073289,8000
1.9212938151228034,1.305539610008831,10398.56341472947,8000
0.9075289288908028,0.8930208012339027,18635.659675823576,15000
0.6512761745244398,0.7955127667342621,23192.34757960463,15000
1.0525294140654826,1.5296990462393487,12994.36998538809,8000
0.8462527113451831,0.9955675832809051,18218.081371946202,15000
1.8327305647244152,1.282364818244128,10771.558451614463,8000
1.2682704979110027,1.807972936577982,10907.599711975963,8000
1.7018912005901943,2.132423517652702,8751.089690252806,8000
1.1777828585799883,1.035247015763068,15162.213754552555,15000
1.1867638499267468,1.6447972248895044,11850.153012213395,8000
1.7669728305675958,1.803913346092487,9396.66803700366,8000
1.0438088256890483,1.1091081778892644,15585.566904915502,15000
1.9465400684610732,1.359828724802065,10148.42387466532,8000
1.2797290843847773,1.358665919515042,12717.743912645037,8000
1.181941170952792,1.05939709495104,14970.713038029086,8000
1.1058988574994726,1.3526152486711074,13648.25685391934,8000
0.7881705219124066,1.1218374370462771,17567.692240556695,15000
1.5240318066014205,1.5070933577647325,11069.959233114236,8000
1.0889012592131455,0.7287164054652449,18460.665657063324,15000
2.5371768992344648,2.150394027500828,7158.170516124719,4000
1.5491730821011425,1.6627507784831277,10446.832943884363,8000
1.4477073503179414,1.557035722959186,11167.15512165365,8000
1.542688173807983,1.5688681825071573,10783.809822984158,8000
0.8546799562765485,0.8875816850516661,19259.123431323293,15000
1.4965813606408074,1.9836867658825819,9641.335316747325,8000
1.3182295892244162,1.0303477163442827,14287.13115827155,8000
1.5131057739350355,1.6872478141207683,10484.6014906697,8000
1.0965667718527592,1.4324790147316206,13267.625354192249,8000
2.6463584869350996,2.015665935552697,7197.395156950796,4000
1.2196491675170258,0.8312279639906286,16361.015238067062,15000
0.8935039417963476,0.9091277615095955,18614.13617571616,15000
1.9044284822776891,1.9137868424541726,8787.98840459748,8000
0.8030602327573482,0.9435808898562976,19210.833619782,15000
1.4791676174762352,1.3650107632732238,11797.583522577159,8000
1.1213675677657162,1.6451444213885227,12128.786042332698,8000
2.2632289253528577,1.908827629988909,8042.659910023987,8000
1.026137438374946,1.3414137460565434,14172.632135958358,8000
1.392807801602177,1.31007905292274,12414.293977502739,8000
1.1499863603757774,1.0050812995979101,15570.01324051686,15000
1.302189044853687,1.2914477760883492,12937.213001091139,8000
0.951635119229348,1.1294442527704003,16123.571475198909,15000
1.0810570212160913,1.538146958165463,12810.92739020764,8000
1.022575349311763,1.3396962088934201,14204.307664565935,8000
1.2254053777045995,1.3002996621606115,13285.17442471853,8000
0.9586136381400098,0.7343449495255671,19819.99574264144,15000
1.0646325103642327,1.5554350506859556,12806.704872354721,8000
1.304309732789574,1.1951107664747116,13424.88469222241,8000
0.8177422652202895,1.1309385198119783,17219.050065936983,15000
1.1385081906651005,1.240068004330075,14106.940139484605,8000
1.1916089538848706,1.0283196663017327,15115.095005703144,15000
0.7287575851351727,0.8436304170089713,21339.791421865604,15000
1.555255245187433,1.646379420555187,10480.406262160785,8000
0.9971551736651002,1.0257341994433657,16587.37865058765,15000
0.9938194096011808,1.4460100390982054,13752.777686115336,8000
0.7557579244343505,0.5079102247537796,26553.199130292036,15000
1.457852075632619,1.1793449025677398,12723.521328656221,8000
1.2301440767187244,1.602476686713962,11845.719848264249,8000
0.8822177878810029,1.1482768900577836,16525.249913022213,15000
0.786477522311621,0.6627932051852142,23152.632122746905,15000
1.1148236810283862,0.8104449570707037,17428.44158783467,15000
0.7135295651099783,0.6871219028409666,23956.30373992167,15000
1.6166386912949686,2.0777682326069318,9082.49488785632,8000
1.0659194104916105,0.7524540416879817,18452.99267858316,15000
1.333827710129536,1.0153424174312518,14283.525746532692,8000
1.067705889374022,0.8754007434395366,17268.44602007982,15000
1.192493999879849,1.4239907374818808,12824.241441528076,8000
1.3211642960284316,1.2387120233672961,13107.833275289137,8000
1.7778699171302716,1.6421965685586457,9811.046697602722,8000
1.5736919437378742,1.0522365542036067,12778.12096799437,8000
0.9088267722277449,1.065021400944349,16999.49998994907,15000
1.328221945396899,1.2556650958492157,12986.028980515308,8000
1.6671378537816468,1.506510387108588,10572.82642974563,8000
1.0077327766861115,1.246001497115681,14888.370998324262,8000
1.68030673715533,2.011228011034594,9089.561466664454,8000
2.044624156679251,1.6796932075914248,9009.552279809775,8000
1.6116403115614364,1.664196511935376,10243.010811564818,8000
1.6339842714354313,1.1338569517439416,12122.961288023807,8000
1.6387694750091528,1.5218957620185902,10616.256225716026,8000
1.0047538613853118,0.944742625054074,17211.845332065586,15000
1.2559643663854152,1.7702026276550382,11088.096613993883,8000
1.3621041208204359,1.441646221461494,11967.696086909991,8000
1.2891259949779437,1.8689372679239769,10625.003113195107,8000
1.5133753982073543,1.0928975593509114,12874.488799299088,8000
1.414120417923168,1.828592663970061,10347.64135851623,8000
1.6467907192477793,1.6184684321061145,10276.19262198136,8000
0.9452241053138264,1.3245394338079397,14783.22804188807,8000
1.133591712309134,1.393143336126283,13279.758802086228,8000
1.117423401902984,1.222333354937439,14340.991601755844,8000
0.6845846876333899,0.9917474885570492,20016.576950908602,15000
1.2135371666790202,1.4331122981505986,12678.079377678412,8000
1.0918543076934981,0.963066221922882,16328.822217890858,15000
0.4984507157234196,0.7141508651643275,27671.440091175504,15000
1.1781443922497563,1.3264902037502337,13396.937043666123,8000
1.2434817586028253,1.5894246205171638,11844.525554149555,8000
1.211658188487851,0.8423169386220977,16336.338038919124,15000
1.8442171845743534,1.3875284832786459,10382.757632747687,8000
0.9813950481574124,1.1505962631992528,15738.540687883044,15000
2.3690990063649697,1.6310491554952136,8388.297293567304,8000
2.005976390976001,1.7763919123481364,8871.275695312554,8000
1.1189677202809456,1.2118260898368867,14396.139141241185,8000
0.8985477499870153,0.9263576741089449,18386.942992743054,15000
1.0992234048764862,1.2251867465084116,14435.67607033899,8000
1.1081837586705756,1.0721544626976915,15389.553634914027,15000
0.7961311523937527,0.5414571293355626,25085.77000735891,15000
1.3059102999604035,1.0240432686486716,14401.330761295458,8000
1.0914515934609164,1.3997345970087858,13469.258993312524,8000
1.5347740152911926,1.3005947267313147,11834.239230578934,8000
0.9226153206390619,0.6887647802764403,20823.412167579903,15000
0.8890569085736616,0.9769507601342139,17981.936817673908,15000
1.0229239562316443,1.3715222630215707,14013.44149231509,8000
0.7478785669507214,0.9841790443775277,19372.584249243522,15000
1.361282812113816,1.9835645888962314,10031.677974267983,8000
1.0511945103534912,1.3274076702517692,14106.786024833174,8000
0.6578709671413681,0.5311783238033521,28219.54670469584,15000
1.5301957976701945,1.9133829375116675,9744.058312704132,8000
1.3823760584742895,1.4351791936730403,11909.05909455629,8000
0.7296465698602809,1.0050031862600255,19343.63515263587,15000
1.1255047663101292,1.2377621915486492,14198.32486059965,8000
1.3880111022192532,1.4271039541597847,11919.382095579294,8000
0.9015157431643516,0.8966533407832439,18660.331945167556,15000
1.3801445311704856,1.1766311998932808,13123.72907499377,8000
1.3910411533190277,1.0499768903613984,13746.081102050588,8000
1.2227662231085992,1.0994584197391095,14449.261876255308,8000
1.21962010723903,1.352863510302024,13043.594047091929,8000
1.4816155914231302,1.3226293514990606,11965.585276239914,8000
1.2878505927825312,1.5629060395717627,11770.360057810025,8000
1.1224798729449852,0.9589123137135303,16121.148246390108,15000
1.2635225938652574,0.8937454678141483,15554.13191158001,15000
1.420849717703675,1.3657348344645028,12041.41893842484,8000
1.8585370332348703,2.020073594241703,8651.147336702508,8000
0.7952007576602738,0.5780221591399937,24434.803402629514,15000
1.002385356735128,0.9581559947393639,17114.88103771147,15000
1.0536004510611,0.9993928067788902,16344.151093464148,15000
0.6852162011667234,0.6939976620189444,24328.66497041797,15000
0.7494766742355248,0.7437791870901491,22470.65145969777,15000
1.673194500374679,1.2344912159490273,11539.910180672518,8000
0.7284034831711211,0.8836052508990225,20815.291685969205,15000
1.6499754466913772,2.2285187819173466,8651.406969357924,8000
1.5523435952669875,1.361916230311618,11513.877968426514,8000
1.8352494870316378,2.2032494346760774,8308.639583791497,8000
1.7311039716963565,2.280884691603638,8363.541080497562,8000
1.3129584508122016,1.0379528647161138,14272.946741276533,8000
1.2152974235597134,1.2389764698578511,13671.836745684328,8000
1.241594285857542,0.9627765852995964,15221.772542469818,15000
0.6695345581613513,0.9067243057897826,21287.386715079705,15000
1.2458952042129685,0.9116040026107812,15552.465509082862,15000
1.1193225088724028,0.9932385776299943,15883.295500606546,15000
1.4638986080697076,1.326663634747095,12024.254999641236,8000
1.9804832611419503,2.3319078101405815,7780.9343923951465,4000
0.7159104825962584,0.6665777111735461,24271.04415879524,15000
0.9915794821357314,1.373583422579673,14186.943289657902,8000
1.185803911104115,1.2028273265963312,14047.556387273538,8000
1.0078297571010222,1.1350581954871377,15658.50979724501,15000
0.9345173997550406,1.245759803897208,15389.984330337422,15000
0.9427685642258676,0.7991415237469963,19263.01031934934,15000
0.7137296759302553,0.9905206394830292,19688.67583390353,15000
0.8632466307329208,1.153367391018357,16638.99568191066,15000
1.5993949632352917,1.463377080834055,10955.576032820896,8000
1.4758976856166823,1.1832677760573658,12618.406971515107,8000
2.179223256491562,1.4668782348070923,9202.824463355437,8000
1.6229914012077693,1.7075996754129303,10074.617756450953,8000
0.6416762769532316,0.9499497309531939,21081.85706523886,15000
1.0750521947510647,1.415678990483449,13471.719549229756,8000
1.0968788356722334,1.1123062407250992,15188.601606307915,15000
0.8775408511043832,1.2079835016447742,16089.206513349143,15000
0.7836193842012916,1.037529014518669,18424.87521806821,15000
1.136236846228399,1.3626365883207427,13427.823728917287,8000
1.9286774377443505,2.761482459975883,7154.219201846391,4000
0.7191306027239107,0.9006251433804467,20715.735740219538,15000
2.061189642183301,2.136784411583254,7993.006047737218,4000
1.1822262788430296,1.0592867369268486,14969.54591114666,8000
1.0015255023992065,1.134991600471045,15705.201683114132,15000
1.059129577824725,0.971492576253405,16524.212509260826,15000
0.8644779915747002,1.102647580804137,17057.595341726334,15000
1.4275599574826592,1.4907899664231936,11497.741146507722,8000
1.7008154442499557,1.2650836117006936,11313.409986991252,8000
0.9877726077508153,0.9721414724185822,17120.358662406186,15000
0.9509151572132085,1.2330940432882191,15363.686193398922,15000
1.5657709930317691,1.7411030412526716,10146.873346888973,8000
0.9574466540837996,1.085843713812431,16421.763899639776,15000
1.3267589519537144,1.3780380941761146,12405.526709669959,8000
1.2137182293554243,1.709304315505373,11479.361340881467,8000
1.4070424150211387,1.806814007148555,10440.551036610155,8000
1.2813986866939695,1.561250537405587,11803.929839647653,8000
0.8770378500935656,0.9014818222687486,18866.494715479537,15000
1.0350403731581335,1.091455254274315,15779.215140222954,15000
0.8452093961930933,1.1815581730547267,16555.638894721815,15000
0.8377739848217639,0.8457931404695517,19930.557858923457,15000
1.216246147446404,1.8116215449118847,11081.868631408315,8000
0.7324196094364537,0.7432288947912953,22738.77004169095,15000
1.0450907894303052,0.7843720517961168,18341.138854455236,15000
0.6479514889406763,0.9408950960884512,21118.736268287892,15000
1.1749387915460956,1.6522177325928593,11868.614883365684,8000
0.9511782341337486,0.788480031345986,19287.94445772768,15000
1.0639718183981528,0.8840094981221052,17225.232970888737,15000
1.6480436693970202,1.4230127116662128,10926.022787111155,8000
1.3828864278187363,1.0918257704445107,13558.922942048977,8000
0.9850124346149766,1.1189075596219902,15948.530406057222,15000
1.013585879174204,0.9780897390220225,16847.337836263105,15000
0.8167523358388101,0.812631463559793,20593.326147212683,15000
0.9545827362416311,1.2770319620700339,15035.943268067605,15000
1.9319746834332605,1.3129860050985487,10340.474113780956,8000
0.9793931145638023,1.4372053654561303,13884.984318836134,8000
2.1764385872919614,2.3921720349495055,7344.559380185789,4000
1.5310759391597426,2.072943357548138,9310.280894070283,8000
0.9175552502213512,0.9777255489322126,17704.200884104073,15000
1.7154802978335244,1.2891223485327656,11167.677043944595,8000
1.0071478472911684,0.6938006380012147,19726.894900189873,15000
1.162854066307371,0.9621781310857718,15790.081694367967,15000
0.8086914618710555,0.7928781444718824,20950.967018298372,15000
1.3076591252520586,1.0931071509762158,13976.550875546167,8000
0.9575585019061311,1.2786028297008971,15005.371717024525,15000
1.1299311270258185,1.0705818047378564,15248.459354931705,15000
1.599410150138413,1.5159198010008748,10770.747409188238,8000
1.3204555230259214,1.2799711463957812,12903.433269072733,8000
0.7800687777677022,1.0656039960606898,18180.05470731392,15000
1.2455651927877132,1.7621326005327889,11156.184665400133,8000
0.9450437805469425,1.3603479050757035,14554.764038258225,8000
1.5249080957762897,1.087861984905935,12842.474065394437,8000
1.0226303034368194,1.138588997107701,15525.695144192883,15000
1.165781445512376,1.7114019532502482,11662.249967948022,8000
0.8769325410056578,0.6401348815092113,22117.9569886065,15000
0.6147964245277041,0.8363405806470853,23122.855995225877,15000
1.0190656953095492,1.1716692125802355,15316.518616267065,15000
1.468173828009847,1.9025190452482836,9954.758045803828,8000
1.3140373840214212,1.0809766544188082,14010.119131432137,8000
0.9476342029758581,1.182351187217305,15753.362513419414,15000
1.4348688786857648,1.126490389238668,13100.244241484499,8000
1.3615672008245379,1.552084096367086,11516.282690499736,8000
1.2047511188318087,1.3556942793902755,13104.919957793063,8000
2.0755343256036856,2.315760108906888,7641.125526974547,4000
1.4970292989991825,1.990329508091586,9621.73204884296,8000
1.5017335426607565,1.160418310203911,12604.251693566244,8000
1.3038224710438415,1.107690369605196,13914.26636192786,8000
1.2605287725711798,1.7690300246348478,11075.682713583627,8000
1.7425351576955954,1.690185077952731,9774.881055421252,8000
0.9160016599337041,0.6202684753195088,21841.49208528971,15000
1.1279965459595411,1.5323225261760598,12612.935174375081,8000
1.23870780468984,1.3251679139242911,13087.386317671202,8000
1.0758149765806144,1.5325594530744735,12864.116293471328,8000
1.6536362370297502,1.368386264920355,11103.30316149115,8000
1.8102188424783896,1.231003058475685,11033.207405705416,8000
1.408006477664693,1.5873812437881787,11202.032965443579,8000
1.5470715818500365,1.1227698753063988,12567.94927281479,8000
1.480458806178622,1.279063687313667,12159.50660997711,8000
1.2246591534295002,1.0943708647065886,14469.166736776111,8000
1.8359428468711547,1.3002597054011957,10699.064056206438,8000
1.7470456907499954,1.1647250880527982,11523.720288791508,8000
1.2043744270118808,1.3368342089253875,13204.123237061247,8000
1.1482375698319944,1.3889594354044523,13225.00063288266,8000
1.5247771895462794,1.87825081330877,9860.169229241938,8000
1.0812212172162823,1.5095524731627006,12951.510247539838,8000
1.2146058410771645,1.0743888788427411,14659.025513686684,8000
2.2802360079285813,1.751796645662869,8321.964349696444,8000
1.9833040008995477,1.7867660030691115,8900.214575506046,8000
0.6736638227603667,0.8745299287053835,21673.276983731776,15000
1.0886378056216324,1.4989589244894477,12967.411656359443,8000
1.0000988533808806,0.8158797722374764,18477.327610931774,15000
1.6983055610887023,1.2192976770566715,11500.683698627052,8000
1.3991049143878467,1.3685743031176232,12123.670903683289,8000
1.3235257692194404,0.9904872106139233,14500.537504511454,8000
1.723157616743264,1.3858452986254455,10792.666624444331,8000
1.5328002974007693,1.3044767578663277,11826.279685203755,8000
1.210620884131548,1.5104699014571077,12331.243109458084,8000
1.543492537537481,1.2006993923671831,12227.4362934832,8000
1.290031467639996,1.073377521177803,14197.471600877792,8000
1.2977832265358331,1.3309956293408072,12764.265782566305,8000
1.0062748966639636,1.3713175205743326,14112.777176070955,8000
1.3184709530785572,1.1571578411053498,13553.902781721863,8000
1.5227189801130845,2.096145645868477,9272.088201116083,8000
1.1549825507951823,1.447721479442535,12892.142790794125,8000
1.107114583918205,0.9298913618436608,16472.42712757533,15000
1.6132752661605159,1.3254690994380944,11417.948560886514,8000
1.1305030065356352,1.104697960787548,15011.818843378496,15000
1.3474628876277264,1.4576989429236618,11961.674237312889,8000
0.9056181378342285,0.8574154379482817,19032.21382786604,15000
1.4496070105157282,1.0426520443164433,13463.460764619253,8000
1.7743711845752566,1.2521477550658282,11086.807209598768,8000
0.8311886167163905,0.8642808032658017,19790.64417472798,15000
1.117050161435175,0.9435467417186036,16283.8408369169,15000
1.135094802657488,0.860930442834059,16810.62505386137,15000
1.911708767759368,1.5217839826829698,9772.681767182172,8000
0.9474714631441948,0.8552455380450733,18613.255423820738,15000
2.267087613073546,1.741554165821361,8370.523945706671,8000
1.3051259280666727,0.980317612393593,14681.803074970065,8000
1.6692449900045128,2.394329753530881,8257.367986987474,8000
1.3897192059640042,1.711301084585082,10820.449031650367,8000
1.2301365978052887,0.8454132644796397,16166.526571932434,15000
0.958240261295157,0.8790834209996277,18262.6677723389,15000
1.5971761331270997,1.5255316404449286,10745.300051441409,8000
1.4698807106900469,2.018810169798938,9618.058219963848,8000
1.514582599690318,1.2710644886442457,12045.471280448868,8000
0.9492436729100879,1.3096422167411574,14854.41657488088,8000
1.483705794854377,2.049965205824958,9495.629896939836,8000
1.306888325341604,1.2108177204768193,13327.38270050607,8000
1.2902318593361897,1.0596453777686983,14279.227642266096,8000
1.122575411946092,1.5349381526031503,12626.25051010469,8000
1.5352434412275469,1.2128625626495144,12210.020993608327,8000
2.1074319175801652,1.409682189578377,9540.330787592344,8000
1.3231711846850278,1.0504168431998122,14136.58630133096,8000
0.9521107788684241,0.7493316668751523,19721.167814957033,15000
1.1162192753179496,1.1118665270888715,15059.757556802282,15000
1.3142953744500991,1.9045597274295003,10424.337516903579,8000
1.5870539331734905,1.1750265528038941,12148.245559950254,8000
0.8544134073469698,0.8467529966613789,19724.367893074927,15000
1.960131857247448,1.6427296778539724,9313.272706455939,8000
1.1319240160221633,1.5754636626438931,12393.656166941131,8000
1.614957797493037,1.3038315688422415,11496.010087952895,8000
1.2671686107298257,1.3810817040807875,12670.415561679869,8000
1.6847875020006953,1.4213139652053837,10802.748189093136,8000
1.4084162356253471,0.9975104980450671,13946.57265760138,8000
1.4425065529482581,1.4173489829926766,11732.911532875767,8000
2.2305971109273712,1.493869608295709,9009.19098748167,8000
0.77352934988567,1.0870599119060707,18034.303803133425,15000
1.781078776885234,1.2883177657913383,10931.931255366533,8000
1.4813212601980095,2.0640542559466057,9464.281525949174,8000
0.8898598194239633,1.3107650587701385,15247.683661349754,15000
1.0383059805824215,1.5059248126671314,13188.438756824993,8000
1.247359937541137,1.025491682071189,14763.142349663496,8000
0.7752940028354631,0.747573357826794,22033.71932891648,15000
1.1370723787731136,1.0948309918873118,15033.998532862632,15000
1.0685171804446514,1.5407868660361392,12859.533194399246,8000
1.0551111507037243,1.1793469936215768,15016.809370636847,15000
1.674479692755914,1.948904685177811,9260.52234599929,8000
1.481850841383536,1.1314105349684562,12840.059667831862,8000
1.3415095004278508,1.7239612034252831,10945.931389206839,8000
1.0823182678943897,0.8534056311050409,17334.30682823319,15000
1.6844334528193357,1.748246949877767,9774.99448350503,8000
0.9960799847004641,0.7827774862159652,18862.912036855585,15000
1.2728342879747687,1.126307367334381,13986.015342506413,8000
1.3302934615792885,1.584672617109274,11511.08832631633,8000
1.7577832224399839,1.936848304546775,9081.942747174597,8000
1.5635406748259257,1.2987982414998516,11722.731996765753,8000
1.2841264703269724,1.649206776030015,11439.01124826934,8000
1.1631851907671005,1.387338629338973,13155.89830429598,8000
1.0163409691125804,0.9575275689291978,16999.324602077322,15000
1.2249252597389901,1.228903967018069,13674.314265277944,8000
1.3369336040417208,1.1600679650518675,13437.889833677702,8000
1.492885017672596,1.2942810113832177,12038.90677849822,8000
0.9719115755199119,0.7892654006620383,19052.277229255258,15000
1.0278415878935532,0.7947742521510761,18410.04081209915,15000
1.230287741995655,0.866628015453015,16001.802590689613,15000
0.9801681334744077,1.2427924759297875,15094.478893619877,15000
0.775076206822829,1.1579725644104315,17358.29561019958,15000
0.9883729227270562,1.0674220690309135,16321.876517126173,15000
0.6920238668101298,0.9253786436684072,20745.876046694357,15000
0.8722461291876372,1.175295882951953,16387.664722413734,15000
1.3904084711636708,1.0298318194493008,13864.091152495319,8000
1.1035122749390398,0.9347338035358401,16462.404787309657,15000
1.3858729731227781,1.8616088536211024,10332.446427773757,8000
1.1409606984698943,1.3806213265641591,13306.89688730108,8000
1.0206184533958873,1.468865586849906,13478.468412549888,8000
0.7824482498429641,1.0438901882894587,18372.515903630705,15000
1.6842476638018702,2.014300652675008,9072.324903940395,8000
2.3247672740581056,2.3035129954372717,7249.870372188686,4000
0.7344938335147067,1.0876603373592393,18414.70526278605,15000
1.7455723858971768,1.7662391918157898,9554.735855689614,8000
1.2132551724773848,0.8215366707148208,16490.351144399818,15000
0.6422374867020771,0.9534503320697091,21028.193362926788,15000
0.829828695536828,1.1762967558206636,16725.98888434151,15000
1.2155483847146675,0.8950342240728888,15898.184634088146,15000
1.7043278196150489,1.140861860687461,11793.390167376252,8000
1.2651068308017734,0.9579583500007809,15093.768860113418,15000
2.3772547087483993,1.7175942556083434,8194.302718383911,8000
